question,optionA,optionB,optionC,optionD,correctAnswer,imageUrl
What is the chemical formula for water?,H2O,HO2,H3O,OH2,A,
Which element has the atomic number 6?,Nitrogen,Carbon,Oxygen,Boron,B,"data:image/jpeg;base64,/9j/4AAQSkZJRgABAQAAAQABAAD/2wCEAAkGBwgHBgkIBwgKCgkLDRYPDQwMDRsUFRAWIB0iIiAdHx8kKDQsJCYxJx8fLT0tMTU3Ojo6Iys/RD84QzQ5OjcBCgoKDQwNGg8PGjclHyU3Nzc3Nzc3Nzc3Nzc3Nzc3Nzc3Nzc3Nzc3Nzc3Nzc3Nzc3Nzc3Nzc3Nzc3Nzc3Nzc3N//AABEIAJQAugMBEQACEQEDEQH/xAAbAAACAwEBAQAAAAAAAAAAAAAEBQECAwYHAP/EADcQAAIBAwMCBQEGBgEFAQAAAAECAwARIQQSMUFRBRMiYXGBMpGhscHwBhQjQtHh8RUzUmKScv/EABoBAAMBAQEBAAAAAAAAAAAAAAIDBAEABQb/xAAzEQABAwMCBAUDBAICAwAAAAABAAIRAxIhMUEEE1FhInGBofCRscEy0eHxFCMFQjNSYv/aAAwDAQACEQMRAD8A4/SSrBAshybWAHBvxXiOaXuhe1eGNzlSJpDyECgX9YuT3JptlsBL5wdMeLt181eXVG+wS3S4uq4A984tinU2AZhZVYx7r9946dPLyVDJsVrNv1BBsMg7epJtx0FNLmvjYfMBM4YlgLAM9dMb57eWfsWu/UbY0gXeBs/qt/TQd2Avcn/dIc7lumfnZPpUoba5uTtONNT1wf6VTr4IhJFG088hADTKq7j/AOt/7RyBze1dyHYIED5nv7I/8kMJuy7tp6/ypTU+ITkRSMY4SAqp/wB24axy1rDpXMp0miRkjPTRJdVrvcXREwOuI1/fzUazxWeGNo4wnl6ew8l/tWxc36c01nCNc0E6lLPFvbUcyJiDEYjZD/8AVf5kKBEmkiU+YN6ecD3babc/Wtdw7WTBJ9Y90qnxIIOmNd/bHVFzeLHyYRqGjmUqXRkjCKFBtjOD8UqlRAcSMdcyfsmv/wCQpWhjdRjA++6KPi0aiNtMoKveO0jXKPbJH1tx3oW8M503dQT3G3zshdxfL1Gc+imTXR72TUReW6jdvJLWNu/T93ojSdbrI8vkptDiGHxADqt4/EVSWSOabAyGS4KD8jU9Oi9pub6z8lelXr0yBcfomUWpheBXidZmGUsbbvbHHvQmnUuIcPD9UnmsDZGqC1GsQwqxkIDD1XOFP7vT2tkEQgBlwg6+iNTXQyIjxPZWAswbr7/dSXMM91k6iVss4JV2lZWtY7TtFzn6VPbmExzQ9kO0/ZW85Qdo2BScZvn5rQHEXFcXhsQFumqG4nb0NiX69qBzo0yijZS84ngXcNhP9q+9dprldqRGFcTNEiCw3WyGPA+Ota0bFIc4q7SGddwskZIJW3PtRkHYrGujUStlaNztSwUG4JrszldhSGS3K/dWXIrCvKPOC6ZH8z7bHAN2Huast/2lee7/AMX6tfqoXUJYspHmSKADtHqHvf2vVDmXEA/0kUy6ky5p9Dkn4J9lvE7RsrkxlZVFpnsT91r3v0zXOhwLTscp1Oly3MLcCMd8fgqzaxNORqJTNuDX3lrbiMWC82x1+tM/x3DIiCufxrXO1dcN+udRHrHmg9T4s06md2SOzemO1yeRgYA5om0LTAEo6n/IcxvS3SB5jWUJZ5k3SSsv/q0mGGeB1p5tbHb5novPfUucZGuZ/j1QzqwRX/q7TzuPAFPY3bdLfXBJDdtMq0WmNxIm0W5u2T9K21oOiHmFTIs7bTvY7BZbHIFYWp1jciFRpZTdtygi1wVuMUFlshEIIkIjSeILHA8T+gs2Ft6R1uD/AGm/WlOYCZPz90AGSANQi/Ete0k38zOZNxN0kC7bnta/I7jmup0+WxoI+dUNFoYLRt6q0PiH9ABSZnjGW3ZC9RbqDalvo+KZ1VjaznQDoMLUa2PTahdToGlXTsQSu65U9bH44Na0Eth0SsDpghG6vxQ6pE1WluHz5ileD3sMZH61KKREterG1oEtCnwPXqoljmAYSEHcTY4v2FHxFOc+fut4dwc61HTTyRT7WYqkoDXOA2bgraoRTubdrGFW90Pt2+ZTCTWL5ayRqxUgjcRcYpQM+E6rnC3xBaJq/NUE5ODZiPSbZoAyJWl0kFMEYlbO6KwsdzYJ+TXZECEBySVqGs1iML09+4rohLK0APO4Wt9rNbAWIiLCglxcZ2k8e9DIRQSVGyJ/WdJctkm9aA7ojNk/qXlbBI4wxIyALDIFehM1MhedVby2a5iYQWiMIZzM23ahOeBxx71ZUkNFu6lpVAHujWN9P4PdGpqNIuqgWGzbLSuWXB9l7HmgptLmm7C55EljXAjqdPfp91hNLqdVHJIJmu72KknF+LDtbvbmqadKXNEbSpqlaxpcMg6n7fAqSQKxjeEKEYYLcnocdOPkVoJe4yZI2QtY8UBzRAOe39r6NYYZjKGLhRdvIXgG3pBuM3OaZYDT0j6IX3PkDExr9Y3/AApGqkiaSGDbsfqV3ED27E1hph8Fx7+qpFtObBrj0Vtu9jvTbKObXBU/s0y4EjOEpgLszgKyIrxFmIbPqAvcfJrHOg29UYcGWgaIWREscdOn61hOYTsRhByp6sADHShQSoEkigre6EW2tkf6+lYZIhaANQoSUpJvA+nNCRhEMFaRupNlvc/aJ6igJRiDhHaSZULGKVgChCte1vu7Uh5J1VFMCcFakNDLMsKkHZuTrb6UTXB4hMLHUnFEwTmaNlBLG29B1tQOAZFuOqa190l2eiN0+q3OJN5QqLgAki3tUr2EY1W8xrjOiNg1m5vTFcjhb4pAZaMlHfOAnEPiIKbbxsynbYDJFK5QGURcUVC4ZgRlgMZz+NElkoyMB49zXt8c96XgOmV20LQbLjclwTycHGeKLBWgkaFabozm6/ef8V0hDb2Xkrs6Q7SvXkEZr0y0OdIUF5/T86aoFQUDFlNiuCLZFVBzXCAo3U6k6a+38K0EqhWjgLLITiRWsbdu3f8ACnsbJz86KZ4eIM6/yt4JEL7NxjLgqREWII639+9PAa0G7MpVQveGtYMKH3BzFZbEb3cdfe9ZTMSDunU2tFpBwO/zRaxQsfsFgcr9Lf4oHAjU6J4DKfad1JEiLixdeLWAFuLW64Fc4ajqic0R4vJRJO8p8zUJ5kreppGa3q9qWadrQ1uiykxjKYa0QBovn1qhjZpCGADKVADWzkX4pbWnFw0Sw1zrXPAkfMLGXUo622eq92IFGIGiqJKGdlJJB3YtkcV22EEBYmslaqkDqK4laoPGOPahWq8UvlsMsQOLcj4oHNkYRsfajG1ss3kt9oICGI+bg/jakCk1s7Kw8Q6oG7wpgldWKsbLgmxscXxn5OKbg5SriPDt8/dEafWHYLgNfIvyKXVpyEVN4bOEw0mqkBDRsdxHN7kj4qd7BGU1r9wmumngDblYgnkXsRSSCjBhOIZxJGGknHo6iw+vvSjMYCNuSj9LJJLt2Tb0ZSVLKMA9qVYIGETjDoCJjm2OoVvUR2xf4/SiQlbeUTzEL/NqLwofEvJn1EgjYQSqCFVmAXqOBc/WvT5cvkj+l5Vepa21h11Sy+92MmWtyTbrz73qktLVOcBtpxphXjS4I3eXJcALbpm+enSmA5nzRESCHdkXGSiiTSl/TbeSuFPYX5FMJJ1OqRYHQXfvjrotkjVYw4A5N7gDPwDj6isaQPCNVQxkNknGnp9/qvjqTIxAiRQRY3UG3wTx096NzZYATHzdLIl5cdNPkKj6gu43CMm98gnP1v8AiaCwDfROeS7TVZPqSQFIW45vwf8AFZ1WEwEMZVbhRegWBxws3v8A+X3msGNExzi4y4yqGuQBRWIl8axaoNcuVDXLlAJHFcQtBhbRTvEwb9L0BaCETXkGVcOS+4gLuN7LwK0DCIukymELtixFhakOCa0pnBLZd7XUGwGamKcCm+itM22Ml26AkgXFKdjVNGdE50zL5aWUkjkhrkHt2FKOSiR4mVjt+y4NmJAP4gVkQsUCVhjY3/03+a20rpXl0scbuiRy7NwzdcE34r2KUz4tl49XltMN3QMkKKqEuGb5596svDsNUjA643bKyP6QN1gOLck0AGVSTjuttyIyGFywIuVAFwexpjoSpdGe/wBFcti7KBIRzaumDgp7QbMmVkZi1lvg4wa15HmgZFuip5lgfUpH9ysbk0guKYO6HaYAn8rVhJIQOWRkJNxYewrJwhBVTL7islFJXwmXq1dK0K4lQqPVWStVg47g10rQpOa1aqEVy5fWrlylWswPY128rTkQr7rsT3zXFaERHINyi5OOTj6Upzd00ESmEL7dpNj+NIITQU30czi4ZgqmxJ2+9TvCc0wnuk1QKkyEH4xn44pJBlOBTOOUSW3Iptkem5/4rYEIDMrX1nIgSx4z/qg0Rcudl5HJKTqRsIQXOw8Efd817bWkUwvHqODqknA+ygOJWTzTGQub2ALe1+hoogYShUuMEY9/qs2ADXGBY29qa2d1xIIVorDO6x7iuJjREI0UtLuuCxLcg9KyRC2SsXcr6jkA5PNYHBC+dVm0pJJBAvSyi7LDcHkC7gLmxJ6VwQHC0fR6hWClDe9mB6Hsfzoi0jVA2oHaJpF4KjxGzhCwH9OTDKe4PUc1toLZalisBUtePI7fwi9N/DUDAGSZebGzA/hQQVTIiUe38K6UJffY/wDicGsDSZRSEv1n8PaeCIyeaQLgD1jNEGEpbqjYwlms8M1WlYgZXmhTBMILzCrWcEe9atlahgePvrl0qbe9ciVgOlctC0TDXoTkIgjIZGv+WaS4IwU10cr7RZSyX6DHxSHRKeyYT7RuFIZwRcDkYpLuyc09U6gljuoDKb53At6vilRlapuTnfz/AOwH6UolVhrY0XlzMke4I6q1xsstyxHbtX0NOD+rC+WrmDaBIn4fJCvG25jcc3Oa3TBRxORthUV5mHlr6g39ozRIbASvr2SzLdvmuRAgnC+MgLDcl07brUsiE2ZwVmxIYgEYxcda6EBA0VomSRPJ2AzEkg35Fvs1gBnVc9wDcj+kbpPDFm06Fx61J9JXJB9uuaMNLtEgvtKYRanykK+WzRrg3axWw6d/ingG2CEh7P8AaCDB6bLaS8sOJV2XvvJC7Dzc1kNGhTeaywggz9ZX0HiYjSaKSSNp1NkmtddvUgdT8VxeLSInySTSNSBNoOvZQ38QgzhFmRl4LkWvmudXkAQspcHUb4i49kJqdeNXLvaZCkSkxJYi5PX5pLn5lVMZgQt/5oEmMrvQWBe91v8ANYBOiZzWt/UVjqNJpdSboxc23Hyx9kXoi1rY3QMqPqE2iAOu/dJ9bDJC/wBnan/gB9j996WnAWqqODbaelcEUrXriuhapDWriEQRUDKT6gRjtek1NMJjYlMtIbWKjccCxHWpyJThhdF4cgaPbIArHtzSCYVAyE+0kTJFtAxkAWsD99DGZWkEYKjai4YWIwRmugdF1x6rzR0hgLlNcWmVrRrttcHnJr06YdUaCWwF5ZZSpyGmT7d5QWpZnLORm+LCwximMkoeXYDaMIXB9J2i+eMj93poHiSnExK+DEtwWt0tg0LoC5miuQRcZzm9rCuEQizcoCM2AB/+qEogJTSGKFdn8wyJP0JNgb98UIc0i5LpgwC2CPPIz8+YUmVcJ5m6X+1i4CoB0zm96MkgiD5pbmteCHAz8/K0KzCVRpCuo6nemL/qKJ+mqWzx6hY+JR+IArJqhsuNqqoAUZ7VjATojfawZSidW8xjJcnuaNw6oWPnRG+EeJf9Lmkc6eOdHTaVcDHYjtSRqqTlOP4g1vgXiaJPpFTTypEAQI9h3G5PHIyB9DW4QiZXNxTNp5w0f9RFN1BGD9K0DCEugprBJJpy0rKVLeqy4VvjtQyQmtRCqmphZlG644HStxqiDYSjVaU6ZwQTsbg1hELIWyrcAjIt91EES+YRhEt9sEFm6MPi1AJu7IzaBjVa6dS2bXAz7HNKqYwiaJTjw9gbrYWOcD9amcMqhmkLpvDY1dQ+5vMFg11yKnLiCZVTGAkQuh8K0z2WMyHcSd7uLcHBvahYLcJlWpzBLtvREnzEJVoiSuCQrkffaiyiFJhEz7ryaRVncP5YaZUN9q4J+e4r077T4ce3yV4X/laS4fnfOiE1MG6U/aAGTcZzx81ofDRamVGy4j1QOpR1NmvYX2gixA+KOmQVO4W6rIKwBIFMtlLJVl3ION2LEE8UMQj1CMjQyOP5b12NiFj9a/IvREYkIBUgw4JiujbyVfWKkbHCBwwtb29+1cWGJOEg1Wg2tMlRpNGmueOOSwA+yAtsULiGhMptcV23hfhGngiVVQXHU0tURCUfxdpyrxLb09MVTw+cKHi8QVx3i2naI7ypC4zR1mwl8K8EpYzDba+alXoqN11CgXNdqsKbaXwthpxJICCeL1UKcNlee6tL4C7fwrwIa3wFNw/qBTY2qUr0WjELk5I38N1T7kO5W9Vv7hQzCMYRgjj1+nASO0W3+naxo5CMpbptK8cz6dhtkVrHd3rgUIC+fTuGIwQR24opXCSoiUggkWFuL2vU7wmtxqnXhsbMsVyS74UC2B0qR7oJVbW+EHquj8MiKvslRyU5Ja314pBIKotK7Xw0BRGqDceT1tmx/wCawdEDuqYssu4+jr7f5psP6pVoXi8+nZtPEkDXkj3B1jNmU4ub244qhrgSTscqUB2GzgTKFg06hPMmn2gYCgZPuPjA6VnEPA8LRkeyNnjnmHHQoDUaZizMfVm1z+fxVdEiIUdVskkIdNOd2CoIB5qsQBKnIJwjNJpWwVdEFwD6ep6VzoGuqCn4hMdkeshjj2yyuQDkE2yOlA57oABhA6mxrvEMpVq9U8hYs7hOgDZoHBx1KcxrG/pCv4VrotHPvWNu5zQcslN5sbLt/B/4g0mp2qrlWPRsWrjTcFwqsctf4gC6nQs8dmKZuKOk6w5S69MVW4XPRaWHxDSlGJJPN/7avFr2rxXF9F6S6rwCRJSsbKRz6jY2qd3DGcK+lxwjKv4V4HecPLZghBsOPvradCDJQV+LlsNTkA6qRNPApN2zcfZFHWqANhK4ai57wV6T4Tp10uhSI2woHFecvbXn38daILqfOgJDZyKElMaMLmPCNa2m1YE6/wBNuRxmtBXQV0Pi2hUTwatQWDgbnIwR0NMGdFgOUJqtOwQBlVi1wvpH3GshcZnCEVNrKZE3duxHb8qVVGMFOp+SM0Z3s6SKovYgIMn/AFxUhEaKsPLhkD5sup8Jl4O23pBW68j/ABUzgN1U0ldr4YymFQzKqqOnU10jUpTgU1VIbC4iPuVX/FPBZGimLTK8TeUKxGhimUuD6nay7Selu1qa2iTHN7LHcQ3h3EgTqOvzRERozhGPlsHNnANmUdO9qmqWskEZ2TWh1Ygh2JyN0HPpoy5uANrWP0PU25r0eHLoBGZAUFX9RbIGo91m2iMgKxuXZWsyx+q3tVYNrvFhTVWiwEGY+kjp181MeksH3faHIVbZphxqpmzBGYGVhrhGqHYpAHFxbFAIGPqmBwcCAkeqDIwvQgonCDhX0yefJsU27k8D5pjQClPfYJOUyjCyB5RJs08ICquN0h9hTCJE7BTMFpDY8R9kw0erlhhUn0iQ+hTk25/d6XaYT5bcQ3XdMNFrvDmk8zUwJH0PlXVj92K1roQVaV+E60aeCznbLI6SC19z8A45pgrKc8ILolfRR/w9DH5gWZgZAnp25Ym3U9LUBqOJxumihTa03bapbqPENPpPNOjgaN/MKB73OLZznrSnCTlUMMN8HRX1HimpV41bWzR7yblnFh2oSwAwnU3FzQUKWh1+NRPKRbBve9DYEwVHBD6r+HYJmPkzbV5UuQNwrCwSu5p3RXhcb+QdFMQb8Fun/BrNExgJMNW+uUNpvLkZsXIQjIBOKTJuwnBsCClU2kMSqN63ZcoOmRgfdSOYHE40T7C0YKtpoB5jaeRtzlN1xyD+tJc+SHDRW06Qts3PzVPPD5F05RUTzQeFPJv3qapsd+iv4bh7gWkw0bruPDQu1LoCL4IF7fv9axsmLlDU3tTb+oOVj/8Ar/VUCR0+qkgdV4pG0OlsJPMeIyehAvpK5Bx9bi9WnmPkAbev1+6lDOVaXeZHQfaQjVlEembUxkO0ikt5oADfNT8h1R4puGB+FQ+symznt+xjPZRLGJdPujCb58vGpwPa5+telw7g55uxbp6+y8Tiy51MWzLtfQe3VaRok2naOPdBc2KuAhcc4FuP33pbw5j+ZEge3ZECw0yAcmNJk9409R9lX+V1KuWiTbc5Lf2g2uvv91Ir8aCyZTaPA3uNIu/vHqQk+sjmMjGQqbnnbYe/7zW0nyBCGGUn8rslc8O7n1e4FWDISzIlCSwSQElCwBGbda2eiyQTlVjmYBQwIA6WrQ8rbBsmEerbY8ruWZgI0v2ouYl8rNoWs2rhaCJbZJuwt04H6k/Iri8EQiYx4eXStPDtYo15AQskq7GFzbPB+htWMcA7K7iGFzQdxlWeQN4fEHdVtK4uSSRbaRf3yaBx8IB+aI2tPNcR0H5RC6hp9IyCVS6XbC+knqeelr/WtmRquawNdG37LHUT+cVK+sBQC3INhQzKc0WiFro4dXO5CAAta5fF+wx+QrVhIKbfzM1kjch+NwC7Rx1/H9mhJQElvktI1kmA8tWbIe3BPNyfwpTnS3Ka0HLpV9TGw06RMfSCM8k264/fNLJJ0VQad9kPsdUsiAgC6m1ze3Hx/qp3wDO3ySr6EPYWQAROfwrbI5lJACYvYD1fscVM95DsDC9Gk0FrS45ATfweIiYPi9vSA2bUD4vnZFzXNocuN11/hxUiPeS1jj/dZLCQoXB0FOxAlheYL7beKfdH/ZTX/wDyvEGjZIowC6wJlzYm56XBuc4qxrwC7MuK81zJtZUOTOu309Pko+BVkEaysu2Z7uWUrY2wPgC1rd6Q5pBc7doxvP8AJ7r0jBY27/vrONtfppCZaDSaa9oZEMyCwRxcLc/n7Gl8TxNSAaoJB300H9LOGoy5wpx4fzmfn7Ix/C44ZxqEs8iekki2Ov19ulee/jrqYa4mCn0eEaH+BtuTtjz2nXyQms0y7y8UjI8pstm5PU39q6lXBHiCXUaRWsE6YOPttPUpXq9FeNAAGuoJkuMGreHqlry4qHiKQdV/1jEaoSTw+yXN+xWrW1w4xKGvRFJgLxqgn8LaSwVGv0JJ4qgVFMKJIwhJ/BJx197saMPEZQ2GcBL30OtiIUITY4v0rZKxVOn1iZaED6iukrZAUpFrSwKRkH2FZBW3NKLGj1swHmIB62YsT3sP0owCskA4R+l8IdJVEhLNa+Dgfd9e9ZaAiulNI9At7EHuw9j1Fdd0WAFGRQFYy8cbEgX3cW63P76VkorZWcimZ7RRrIQbsdyggdSfbr9aBxgyia0EdUVpmEscaqHVlP2kQAHF7k4/OlkBmpXUxcLYwtDpWlRGDiZQuCD0HIPbNulSuqm2dFcG021IcVmwdigWSP4Gdot/rrSHPuA1XqUOH5d1OoAT0Qpjk3GxJ6c2yDzaulkDqmClWIgaDUynPhw8vF9wyRgfWhqYCzMkFdd4Lh0XCra+elLYPGJ0+fApqxJaU5L5NtMzDvuXNNdknwBSiY/UvFNMIyrB3LzsDfc1tpxj3FVPdMEdl51Ck0yY0089Jn5hMvDpNsQHlAR77KiYuT172t+VJ4gNDsfqic9PsvWoNqXf7D4ZgR7+aaaRUiYggK6i8iWyDfm/eo61bmttcMKprOSb2kZ2ROoVmjZhK1mwBfDdL/nUNO6QCM+ycxtN1SW7a6+cfZDuBDApddiEbQzG6qTxzyPinMp3uM6pHFVw6S31+R7bIWDRGWZ9oURpjBuQbfd8CrnmnTpgjJPRRU69RzjSkDp828lE+haTb5W5m63H2vbIoqbmtMHASOJYeIeJzGd4n+Fv/KsNKWMWV97n4rG1vFqrm0wWgQsZdEGUbmCAmxJ4Aqxr+q8+qwh+FgNBEZDZAxA5A/X7qffOiSWQrP4ZGpyoN+g/f50QclOZKxbws/bKjJsS3+BRByXy1qdAVRFZSt/7j9fwo7iibTCltMq3AXcwHXrxmwoJTA1EJpAbOzMGGPUOewFZdCIMnRaandBFbYTvwAq3rJJyitAwlEkQCoz+m2F3ICrcX5pgktAKTaNUwhgY7nXzGcepdoKsOwB4tn9KlrVRAMaq3huHFSuaT3YBz5IsbDJJGFYui7iFGDfuePpUTy+xsZTeU0FwA1O/fKD1Yjc7miyMkILqL/qKTlptnYar0mtc6mHifTfvCyUGUgs7vJgByOn0rGjJcfRei65jBSGg1j8ozTtZ1dC5F7EG+elNe0dF5syV1XhAMkwV92zoO9qVTBeZKXWhogLp1n0+0epRji1XhzYXnFrl4TKyuu+fUoZNtgqZYA/FrmjENdawY6qagXNaCDsPSNvNX08p08UQmAU7Ddl9RF8/TtaluHMe633VlKrTYL+k6bHuPwmUmvbUAhEXe32WBux97n8/mp6XDim64KmpXvZyxqOiZx6X+YWEqyx7bkqDkg97H5qHnWOfOZVbnU3QW4Jg/PwrSlNJtSVZ5ole7M67se1qMNNuMOI0H5U5pirdkwNPr76+yKVTIfNlvGrnCsQoJtcc2z+JpVtjRPzqlltNhuJm37ny6fuvvKn2STRBd6rZEvjd1xz06HrQuqtcQDMYTabGF7QXQcg6ep6aKqurQPqJnXGCByjdeuaqo0nvcGxJOnku4urRotIYY+dOqrsjlSMRMk24kKS55z07CrnB9J1rhCgoOp1AHBw317LeKKL+XRXaMSAFwoJz/j/FGwl2FleszmFu5W06xlAkLKzSZX196YCQkBzCMFBSJKGKlrSbd20XJNicD8KaCEEAarOJRHIEdoy0q2NwdwNugOPauL5XeBhtccrWWI6ZAdQUSwFgWBzwCPx++slMJaNVjrJpYAm2IzM5UBLHb15I4HTJrJG5W52CEl1g1LIjIQAnp2tYsR/4k4PPWufeGlzR6LKTqfMDapgHePwrur+bv8iKGTgrILM+M8n6XrZa1gud66geun11TRT5lQ8kEj3x2VlKaXam6QSrgIEZ8HoW/LjipK5LpcMwrOGm5rHmAft8+BWLgoxjjZVAIuckZuLAdRUoqFxGPn1V9Th2Um6yTp83QAL6mRDKzu2zJbB6YIHORa9Y9oa21vXT+VvBf6QCBgaf1uihCAkbGNrlSbYAHvataABBEphk3EuglX0zKJbEooNzYDAPz9aOtgKag1znQ0ZXVeFNsdDjcALjgHH5UNIwQFPXEglPxqEsP8U8VAdlPy3LwrSs66tpXC+iQBfMBABPX4+lVOzTawDbZeJTqsBLmb5/f8LRnj8lfMlDyAknZawHYdzm/wBKymbSQ2II+fwrXVhUeAwQBmTrnEEbDudVtp7yN9s+r+4L6vx4+tIL2swvbbwb63D83EH3n5sun0UzMil3ZhYAuVz+B4rxazfDn6J1JpbULtZ+m/0Wuo11oprMzheLp1+R0ptKj4muGJS6gBa4HbCjw99jqXFi44a53A5uO1r06s0NFwMxKW91SAQI09f5OqOGhEk6q0swuG2hZLYPcCpnVwWgMHT29VJyX0nmq50d+/0hby6dYgrBZJBhD12jvbvY0dCqGPNxj589UdSmapl0azO6iREUSSu8Maj7DAAnbYX/ACq9hJHiOqlZa5s0sySPnf8AKmRIY1aQvDfgFuADxi/foaoYS3I+flLEQ7OumR/SW6mNj4jEmnEflBlClThLdMEWyfvtVDR4TKSYtgmAttbuhA8lTNPgboxZVB6kdc1tNrXFZUDg25uQI91J0a6rUQNq7LM437QDcWFgMjFGWjRMOZDhKC8TjtLKI3WQlC27DC4OVFviuaxzTaddvVdWt5Jd2+ixknllZDKhR9oEfkSHuLki3N+/609vDm4B51nHzX0Ux4kQXM02MH32+qI8LWJtRLHJpmZyCTKtrAj8jn8qVxTGWhzT4e/dFRe4A8zUHbss9Rp1lJeIku2WdmBN7/Zvxf39qgrNdbZK9vgXtpkEskjBjv8AX4Vjr9mnQszzQSFQFCgrg1LxD2uNuq9D/jKLqh8I8P27ea3a8UEDQsdh3Hc55637dKxrm2ydUus6eKcyRO6WBJ1O8XMbEkgmzAf82xSYEHK9B9a+A1uAmOlkDrG3mLLIykHcSTft3tfvVYaXQoazwxuoVIAsmqEdhyT+tZUAa0lyTTc4u8K6PwsMHDebZdpv1zyfjpQU3tJHZBVDrSOsQj/+saLu30S4o+bS6ohwdf4V4+pjQzQyM5kAwUHI7E/u9WvuLQ5ui8C22u2mW+ED8dPv7KBIHlCnaM+m64HbjvWtIY0n55qh4ucbBdtrrt5ojTz/ANcFt7ek3z7c3NSRMuGOi+j4xvKoM4ak7MCd5Hp+E702u2SqsMQa4K4NiDbsfg/hUFShM3qV77WtawiT6nHZU/nljmhjDsCxu1+Tz/xarGUpYXfPyoeIf/jutI3nA1nKL086NKGDMrqAbHN79CKx1MkGd09rzTpBuw/PfzTiCUTvE3m/0ygJ22N7dz2vUjadgcAEmo0Vsuy31/UO2i307THVM00yqljZUGL3Ize/QD76dbTdRDLfF1KVL+ZJOxx5+XZSYIWWQvuSPzN3IzxYknqMYoqbgHgAafPkpjRLQ1hkaQO2Y/Kx8T0yKhDgSqxtEEugUdVv87q9OhVyADEbx88l5fHUbXGc3ZgkYx9j/Cw8K0U0G6doQrMwEUfduc/df60NWyYpmQi4RrXtdcPHOszGO3z6pnJ5bRM5KR6n073YC1wb2Jv+7ispPc+pYncTYzV0D384KXwea+tl1Ek2p2KQxeEWBPVQTcjkZv16VTULaYvbEZnf1Qtbf4XyDsdB/K21cAeTU6zyikCRbVQ4LMMt06cVNTrw4Dv67KqrwwfRDT+r7A9+6DhhdzugmjLWDMFws2evxYe2apdxTXk8wT9/P3+ihfwBYBb+nB01zMefQ/VE6iBZ51exS4/7sb/bCg4YcfsVOK4bSt7ZBGPToqhw7jVvdrjI1jOv4Covhi5ILAL6gqk2IJ6dxUBdfJJ+bL1bywtsEbafM6IPXaV2m8119IYXRX3G9/UL8c1K+nlWcFW/x6VhHf8AZYamSP0xk8AhRYkE9Qf8+1FzAG+EeaAcPL3Odkyl7wrNtdDZ1xmSxjP154qhhDfCYSqrKjvG3ZM/DIoY4dr9gdh9LHHtimhzpMJNS1zW6K2mjaWW8pF/7VI+yL9KQ5pD8qsVm8gNaM7yn2lt5RVgXX7LAj7QPWs0GFMSbpnP5W38hB/aj26WdqA03gwGj6pv+U7f7LxSGd5ZI4WC7VfZcDJBr2ywTK+UoY4gHr+yLRjDcITtFvTfBqZ4lsr1KAAq03R3RjgeUkgFmcFiR3pTZkhWcTxD6jnE7Hb6IiMWiLAkFUvg23YvY+1E0B7yCp61o4dr4EyfuUbpUDrpnvZpb3IAuLdse1c7NQt2Cnp8Q+y46/smmhi3sodmYOpYg/SvO4uo5jRavTbSZWuc4fpiExgiSIf0xt3kgkcixtg0tjy6CUx1JjLoGhW8C+W9o2ZAXAIB5omuLqhnMKeuBDcbfSJ0RWnSOQRO0a7rbx1setqoYTMJHDnmtvdqCfuVgjly8BAsZNu7qB6f8mraYuc2e/2leVWqPpVoBwfzAx01KxaFdL/1CVGcs2p2m7G1twHT2qiZLTpA/lUcltpHWT7fwmUPhumKauazhv5csRuwT8VMxgku3VdR5taw5AQju8eqMiOwtAXA6Amw/QfdWXlzcpQxVt2BA9JQ/g8Ij0MF2eS7Mw8w32m/I96SZtntK9X/AJN9z3HsAmUui07HUHZZo2Cq1822g9aeNCOq8wjlvaR5pNp5pINATE228dzbubj6cdKVVcTSIPl9FYGgVL+8/f8AZFEeXBp0QkAxbmN8sQb5qVomwJ/Ek3OfvI/KVeJ6iSDWzxI39N4rlTxSXnRy9rg+FpvpAOEwcKijz9Osm4xsoFvLxR0ze8NKj4r/AE+Jn/sFkMy7TkM2Seef90TGgQUNR7i0j5qmEe2MptUYFs37/nTQ92koBQplpMaLaBQJieWufUcmjrCLY6qRhy4dk18O/qtKrXtGRa3vTK1NrBTI3P5hTseXF4OyLaRwxAY2BpRaZ1KMOxov/9k="
What type of bond is formed between sodium and chlorine in NaCl?,Covalent,Ionic,Metallic,Hydrogen,B,
What is the shape of a methane (CH4) molecule?,Linear,Trigonal planar,Tetrahedral,Trigonal pyramidal,C,"data:image/jpeg;base64,/9j/4AAQSkZJRgABAQAAAQABAAD/2wCEAAkGBwgHBgkIBwgKCgkLDRYPDQwMDRsUFRAWIB0iIiAdHx8kKDQsJCYxJx8fLT0tMTU3Ojo6Iys/RD84QzQ5OjcBCgoKDQwNGg8PGjclHyU3Nzc3Nzc3Nzc3Nzc3Nzc3Nzc3Nzc3Nzc3Nzc3Nzc3Nzc3Nzc3Nzc3Nzc3Nzc3Nzc3N//AABEIAJQAlAMBEQACEQEDEQH/xAAcAAACAwEBAQEAAAAAAAAAAAADBQIEBgEHAAj/xAA9EAACAQMDAQYDBQYFBAMAAAABAgMABBEFEiExBhMiQVFhcYGRFDKhscEHI0JS4fAVM2KS0SRDU3I0orL/xAAaAQACAwEBAAAAAAAAAAAAAAABAgADBAUG/8QANhEAAgECBQEECAUFAQEAAAAAAAECAxEEEiExQQUTIlGRFDJhcaHB0fAjQoGx4RUzUrLxkgb/2gAMAwEAAhEDEQA/APEB1qECPnZSrcrjuHH+T8qgn5iqaYvLNgQLpM+tBlVa+RjvYst0gJxg5OaiMME8jZLUXxc2wznL5x61EGlF9nK4i1A7r6Y/6qY20lamkWdLiDTF3DbIwWJX18vxpirESajZbsfWU5tdDv8AUeBNP/0kRA5yeWP4fhWilpFyZzqsc+KhR4XefyBdn9Jt3aW41DKpGvAI/i9PjUhFXuy3FYqStCGtxlqaNNbxLaRvNcBcAqu0AevsKvlFtaIzUqlpPO7Io6dosl42L66k2r91YcNj68CkhRb9ZmirjIQX4a8xtc9ldPtgBNdXMXTDPsxVjoQW5TDqFSe0UKHsNCt5X3SSzkfdJfr8gKqcaSNUa2IktrFPvNNV+YWA+JpLwRau08Qc4tJAfs4Lc9C2P0pXl4Hi5ci6ZQM4BFIy1FY9aBYCFVDBGPgpUKtwyn91UK36xWPWmLgkLbJFb0OaDFkrpodW0hk1SJiAcqRigYWslJhryQNfWRVegxj3ooFNNUpMSTZluXI6s5z8aY2p2ihpCrW9ldMnAZwnHXcvPH1o3Mc7SqRT4+f/AALd7oLa1s5WysIL92eMls8/XNXXaSRXTSnOdRaN6eRdskmSVRPmTYxxGzHBbzJ+Hmfl5VbSi2U1pRaeXT2+Hu9/HmNFn3TqspM0Sc7d3DH/AI/OtKaMUodzu6P4gLy6u5O8SOZbWAA/u4EAyPc0JNvmxbQhTVsyu/FlCSNsKzRIw48U8p/KqWblJf8ADl1DG+CTZwOP/AhNSSv4BhJrhv3laO2gzxcn/Zj86TKvEsc34BLiyfbvguJDxzuQY+oNFw0uiRqXdmKrt9o2sQxqlmiJQJyaS5cQHWqwhmA7vIpStXzHUGYzRA/WA0S06vXnpQZBqs8aXdu0St93ketAx9nJwkmFZilxYEdWOeD5k1EBawmvAowvi9Z3/hckgefNPwXzV6dl4FxmDfZcBi2e+demSTk4+gHyqJFCjbPf3fJBp5Elu3mdssDgkqcDAx5fWrL63FjDJTUV98ml0vQryeZYmLRt3YE/qoPKp8TnnNbqdJ3scXE46lCLlvrp7fF/pwXdS7MzKQpjyuf+2xBz7fp7fGrp00ZsP1SDV7ieeyuLFlE+9oF4YoORWeUGjfTr063q7gWOkJdRyRxh4/NZTuYmlvC+hoisQ4tP4D+zh027fZDbRW4K8uFL59uRWmEYy4MNSrWpq7lcranY2hgSG1eOWRT4gRj6EUJwVrI0UKtRvNPQSuBbJLFeWzqvkyMePkaztZdJI3K71izMXRUSMqNuUdDWVm+C0K9VjnKASYORigLYnG+FYVAON2CojnVoMhehkJmtWd8joeOgoFM13JJBHZC9rtAGJSCQ3XxelRC2eSS9hXbK94wHmefnTvYeOthjBBEb/bktGiIW4IOMbj+ANRGac5Kndbtv6Gx7PaRZWUcNzqYG5Y/tMu/1xkL9GX5rW2jCMbSkefxuMrVZSp0PGyt5X+HxNXo1x36m4RUjaY5bAOfYe+MmmWLX5UcbE4dpqD1t9/QfPZzlS0bBnVehHmaf0mRSsL7BPcWy3kJW7jWEbQIyDxg+ZqyNSNRa6DxU6Ek4amX1zQH0iFJdOVZkbyKg9c+dJKll2R2cJj1im41XYpwoLTTmYNmV1yCSPB6mrE8sfaW61ayVtF8RGgNyRPEzLGhwMnrz1rOp59UdVxdLR7l1lM9ze2VwCdn3COvSnesnFiRnaEZrkU2WiQTNP3+8yKSFjBxVUKMWnc1TxMo2sXU7HrIoYTxpn+Et0o+jIreOtwYysB1AsS7uaDYLhI+7Afd18qAsr3Viv1NMOTXGDQZCyI17u3PeqCc5H8vxoFd3d6HWXEDkglop+WA8j7/EVOSfmt4o5OuO9UMP+easmCD1Q/0iJDd3u8sQFQcnBIyB+VGCuc3FSlkgl7f2fzLz3E10Z05w5RFUuTgbAD+VVym5OxSqUaSTXF38X9Ta6G6QvAzJiE+Jst06AGupR6ZNwzN2fgcSpGTu9zcwSrNbSMrDxHr8TgfhWWUZQdpbl1GCnHQlcaZGSibfCAMf3/fSlzDvDpCG+ha1LxspkhbKhR5e9a6Vf8rOZXwvezRdmecdsIms7k2cQIjlQSF+gVR1H1oYi+yO90ucake1fHBQ0SSC8eOIEJEsoJ89wHU/kKWhaWhrxmamnLlosBgdXnnQ7RLMQg8zirn67ZQl+CovhFedHtZLi6OeuAMdarleN2XRlntEWf4rcJwW561T2rNHYJmcrIdIPbEZINLIBBwTIcdai2CRpiEh0NAKDq4CRAIMhsk+tARrcNOcS30Xq2eOnB/rUQkFpFg2wYmIOcxZJ9ORTy2JHSQ4s7pVa6BZSkqxgs688oR/+sfSjGVkzFVpOWTxV/g/oN7buxdRx/w7gfD8M+Xx+FNhIKdeKZnqKWVtjLULuaC2hEJ3uWZdvr0/LivX1KypQcrBw+HjLdBdH7eXmnyQw63AJY43BEkCgN0OARnBHP4V5+rUVV99WHq4DXPRdn4PZnqeja7a6xbfarOZZlkOAR5H0I8sc1lnTcDNe7cZKzX39s7e2/fvuRgE6Hjy8vxpIvUy1lFJ3Rhu0+m/4wsekRqI52IEk7c93EvkPc8j3wa3aVY5Uc3DVXgpyrS1S2XtfyXiYfUdNbTdQWyjGwr4VI449/nQlTyNKJ3KOIVem5yLmhIsrS3Lr4YV2LuPDE9TmhB8sXEPLaK3YG+b7Y7RxsxRT5mstatrZHSwmFss8hLf2UMVwV5PAzWWM3JXN9SEYOxnqYhJDg5oMgaFt033cnHAocAaBSDDtxjmiiI6vQ8ZqDIKxzaR7cBg3Jz+lAS2pYuXWS+lcAgSKSOAOSKC2FimoorxLmN+gwp4PnVnAb6jPT5lFrIjEbtscinGCNjEnn4UpmrQfaRfvXmhtHPsvg7HjePEvlV2ElkrRZRKF4WHNzEX06OYEttZg3P3WIA5FejxbvSHwr0M3KmSQ3XzBrm04qW5rJ6Lrlz2dv1ubNhscgSxHgOv/PoarmlDR6plFehGsvBrZ/fB7doOrQarYrPAwKSLu3Yxn5etZ6kMstNjiVU02paNEbmERkvAPETubPT5/LoKsoyyyucPFLNozE9trWKKRbxd2ZSNzNz4v04rZUVtTT0qrKa7N8FLRbOOWzVmbxFSqqScAeorLKSUdTsWm6lolYacU1gLNmOAeIlvPArnzedPKdijNU3aZSk0+fUJZLiKB9jMduFzxVeeMNGXO9V5/Ew8ChuD1ppMsPkQNIVJxQb0IEVBHcAE/SjuhXqCkOXY+RNFBR2NdyOc4x+NC4TrH90B71CFq4U5tX8J3KOB5exoIRcn0SbLqSNl6bhjpjjijcj1SYXT8MyRuWHeRvFlccHg/lmiimumldcNMYSZR3U+MhQRnrjGc/T86jVmVwalFM0WkTpd6aq7guSAwGc9eteowlRV6KvvbX3mdSdKq0A/wW6n7xxGoCg5kLeE/CqYYSSnZm5TUthDqdqyOwZfEBziqcXRyysFD39nGunTtRbTrgsYZ8mPDcK39cVkpLOnT54MHUaOaPax4PVLq9hMWwAHI/y16n3PtWdOx5SvqZntAjS6dF9olI2ycRKvlnzNdBO8YtiYFpVpZEXtEghSNZJlUIoAQY4JrDibzllieiwL7Om6lTd7FK60yS/llEZJcDcJGHXngCs8rUo2NVOTxE8yNzo2mQ2OmwW7ICyqNxx51walSUpNs78YqKsj8w2ihia7E2ZyBGJjg+dHghI577gZOKi2ACPWmCTRiqMNuQfwoEPjkw5I43DmoQM/NvGQPunoRxU5FW51CXuizHlhznzqEaVrHLZiGiVCQd/l78URZpWbY4cMbaGVQrbl2tnkgr4B8OFz86Z6oyUpJTcH7/PX5k9JuDbyPE2QJF28+R/s10Om4hU6mR8kxMMyTXBq7afKiAzYyBkHJyPLjB8zXpbW1MdKpZ3FvaKKGXMiyeP+IEHPxrk4upBvc6kdhBplpLPqloIIZ5mMw/dou0nrnBPtmsOH/vRlHgNTWDR6tpUxa3LSRx28a+ZYMxHuen0pMTTdOq01ZHgsfHLUyLVlfXLw3NhHEEIQyjM3UkZ8h6mrKjk4JIt6bQjCu5TfGwOa8iVAWLCNB+7GM59/ekyxitze5znUtb+Bx2Waa5Vf5FfLEjk+lef6nXdNZ3+h6jp1ODWRcbmvN4nmK4axkbanX7Bn5VtOpr1MjnnyLmU5/m5qcEJZC3B2sQMVFsQERhqJAsSr3DlmbOeBjyoPcj3BAL3TZ+9kY+HP9KJNQveZtjGcYznp+tTkFtbnUbdNFvB4AHh60WCWxGJiCSDg5GOfeoCWug80yVDDJHOeoOQT5kZFFHPrxcZKUSuHKuxZj4DnrxRWmpsVpIY6ZqbfbQJsA58Pj2A+2cGu/hOoKp+HMxVcPljeJqmjv76INFFEVYEsHuDz6cbKvrJvZWHpYiGzYCy0K9jmE26yjIDcO7N5Y/058+vrVNGjOEsxdOtFJ6jK0tAZZW1G6+0NyqRcKnHoOn51g6i061r8Hl8dWnKdqSt7eQvaaVLfRrWFNka8EoOCBjzx0H4mpiKkYxivgU9KpynXnUe213t/L9gs0OSK6uRJOplgiXEYHAZvLjyFZqmaa1dkdPPGhJ2jeT29/izb2kk2nwq+ADJyy/y+1eVx1eOLqtcLQ910jp0aOHUZ+s9WXUvBIu7aea50sM76Gx0crsfmqFirblr2DR58LEzSS4A5Y0HsFBe5IvEjI5JqJ6AYe8tdj/dNC4StgJDICWD+WBxU5JYrj/LJHTNMQJj92/qMcVAHY93eR8YJ5GagJbEE5Pz/AFokZdglZFP3eT6egomecUy7bWc8loZ4UaQLknaCTj14olbrwhUySdiuy98Ny7WBOev6Ut7F7dhnp1/e2S7VAlQ/wuxwPhit1DH1IaS1RlqUac3daMbJ2juEVUtre2Vh/ECSefiv610X1Cnluvv4FEsN/ky5Ytc3PE07r3h57uPxkk44Y9PlmuDKpKtWu+Wc2v2cHmitV47eXJPtdaQiZFnKwxR4UpuyzHH3mJ5x6cVrrRyy8EJ0qtKUHlvJ8eC9i9ox7FadJNepIYRHDAgPPOSa8/1XqWSn2cHueqwHSGqnbYjV8G0vogw3jAb09a81SrNOx6WMmthNc6+ltKYnQZUc4Fd2lRnOCaObWx8YTabPDLaLvFbnpXbZz0dswTcDI6Gg9iFwKf8AER3i9fL1oLYjNK2lydwskqLtB9aS4UjPanbrBv2PlT0GKMdwsWOuLdDz4ieasEOcbWANQhMAgxHJ+7kfUj9KgL7n0ABZQPUDPzoiy0CRx944VDwwzz6cURZSyq7NRYTxJH3bDaCMFSM/iPj61E7HGr05ydwWradtdLi0tGAI8RYgq3wyc0ZItweJ0cKkvvyF8czhwDaRtzg4kA/Q1XY3ShpfMFimnDgCwY8ZwJVPH+2g2vESUE1rL4fyNdJub97pZI7OOJYSGeRyDjrjzUfM01KPezLg5+LpUYwtKW+3z8R3pnZ/Vu0+pi81BQLON8q68If/AEHn8T+NYeo9UjBNJ3kdbpfS1SUWk4x5vu/4PRrWOz0+EQxoIUXgDpmvJTc6zutWemeisthdquuWUWYYn72Y9AvlXVwHTWvxKuiORjOoSj+HR1kxA1iJmMsuAzc+I810JdQpweWK0Rlj0udRZqktWeT6RCZGYHAGK6rLECVCs7gcYapwEt2xP+J22/kB1yfnS8MDPSr7Tke3MsTM6/e7tBxVQYmK7WxCBFURbA3vTx3CzPTjbbRAj1qzkQBt8G73waIQqeIYJPhiYj26moI3bzIA44+HFEli5AFRFbIDtwfQL/fvUKJ3btx9/exds5Sw8G52OOFDZPuSoH50DPUhbfTy+f0Dm6hV9siW2QejqvX35Y06aEVGbjdX+P0SJTyaVy5S234Pg2Z5/wBo96k7NaFlD0iD2uvb/wBPobzSY5AWtrGXOMAiRQPXPPwrPKnLiTN8MQlvSN/okGjw2aTvpFnu4dWhmEuPPz6Gkq4Cc4f3Dnr/AOlp0ato4e3wf7BNW/aM9oe6s7e0UqMEvNk/Tj1rC+j0m+9Js10+r1q6uqdviZPWu3F/qICQ3Cu7HCoi8HNa6eEw9BXjErhPGV52m3b2F7RLG406EanqLF5TyI28q5mJxfpEuyhsd3DYGGHjme452S3gE8koQvztz0FYsyh3Yo1qlfVnlmiklypOMivVSOEgJHd37hzxuocBYVZNmoRSp0DDrU4Ae1218Bp8YhCq7qFLKufKkSBexhP2nKkT2cRRN4jyzrxuOfOnjuHcxt5EUW1BGN0eR8OaKJwDaIrYCQkeJ8A0QXIMO7eQEHPd4+Zx/WoB8HE8TnnAHU4zRFlorF5Y9675GWNQMh5eSR8P6GlbEypc+X39CKBHALB5UAye9bYpPtzz9KhHZe/3ff7n0ciIrAG1BByP3JfA+fH4URop3vb4pBGvo0CgzAEDB3adCT8OtRMjoyW/+0hha6lpsqbZRZ7um6TTdn1Mb8fSjeJS6eKi7wb/APV/9l8yM66fNKWju7KNsHCxRSkD5GkaRITxCWsG/L5ALHRlvbkJbrLcersndIKpq1o0o3ZspQrVuLe812n6VpmiLum2z35+6qc4rjVq1fEbd2J16MadHRd6Q+05ZJSZdRjP+hPICudWml3aZrjCUtZFK7ZO/bYSo9BVsHLLqhnFHmOile/weleslseaRG92fbGCdCaC2IyUu2KaEDByM+1FbEPauzXdX+l2scoCkKrHbwKRAMF+1NnTXu4DArsBxjzpojcGZ1zCX8cShgscEY8X/qKKBwTa3YdnrBsEfaLl8H1xwKILgNSiK3d0mMsJVQAeeBzUBdcggiRnaQxPVtuGIP5D8aFxFeWqLKxSFDLK0UCn/uS7i3t5H8BQzeAMiT1evgvv5nI1inbPd3F254JDbVHtyCfyoPN7jRBQjwWyWi+7Z6bAwPCuykn5MxOaXjdsfNd3PibpWWN9Xs0YcBVY4H/09qbN7Bezi9X8/r5jPSodWu3/AOm1uBlJx4JEz8wRVNWs4L1S2hhMJUbvO3mhymg65Im9tTQE+EsFQkD5CufPqKT1gzTHp9J+rUXmQuNCuUZxdatM5xn93wD9BVax0paxgXLplGK1kXuz4sbSJhKg7xTyzck/OsmMjXqSvHY003QpKyZZ1bXkI7q0HeN0G2qaOBa1mT0hS0hqJDFdynez7SfKtiqQjokHsJy1bMJpChrkZJUe1eikedR9qSiK8IQ558qCCcdt0sS+dREZ7F2fkaCwQsQqqgxt60iAYTtdL9p7VwAOZTlR4h1FNEN9Bd2rm+16/dkpjuYgjbenA6/iKcBoLxLODQuxttdOkY7w3ErH+QYJ/wCKJWr6mUnMd3PNezSrGLiR3SIDc+CeuPKkk3wFkpbiUxLsSO2jHAdhkn6/pVaS9415cu3sX8HbC0m1CfFpbNPJjJeUkj+/jQnUjBd52NGHwtWu7U19PM1Np2H1O/jV7q/jiXHEajIX2xwMfCsUsdCPqq51F0yV7VJW92v7jC27A2aSKby5kkP8Q2AA/wB+1Uy6hN6JGldMorW9z667C6ZHtUGYsBw+Rg/GlWPqFi6Zh5K6Qnn7JWsZKiVt3rjyq6OOkxJdKpPS5DRtGmJuYo9QuInTG3axwaXE4zLlbjcyQ6cndXLws9UhCtPqZPB4cVT6XTk7KAkultLWZQxczxzma6xtOOOM1olVSaSRnpYCnq29iOizLDK4fk54Ymq8VFzWhsweWDYzk1OJXILc1RDDNosqYtKVkYXRyPtAB9K78jgEtWQrdg4xnoaEdiAFbM8QYjg9aIT0rT76SOCNIpN5K+Y6UiFEViTe9vI5JQGEY3N6DAqwj2K2qKjXXaW6KAbSI09iSP8AiiRbEe2V7FeS6VaQFMWlkqOc4AY8n8AKl9CbCEKdwKoCB0LLgfTz+dVuSW4YUpTGFjYCeQS3bEjdy78KP0qirVla0EdXCYahCX4zsa7Te0Oj6TGbcHvWQciBM5/rWB4WtUd2dKfVMNCNqKdl+hOT9oEMeTaafMQf/Iyqc+vGadYD/KRkn1RyWkQDftDuZpQBpMef5Vdiaf0Cn4mb+pVoK7fwDDtlcnIn05VRvuN3uOfnU/p8OGJ/Wpxfdd/0IzdoLKSLfOyxN6hw2KCwTWzH/rs5L1AWm6paRT97HdoRnnPnVWIwkpxsaKPVKdrzWoLtLqUd0ALaZTjzFTB4N0/WM2N6jGStAQgOECd6OTzitzpq97GKNdqO5yRhDja/J86EYX3D6R/iDyrcs5J+NP2YHXSFmkEC6FaZFRZ15iZF9PKhEIvjBaWNfNjRAbKxvfsTR96G2bcYpUAhok6Prt7eqMRgcUdgiO8vi1ncRg/59z3hPqAal9Q20uVI1RsyOxaQnO1R+tB32Bma2QytYLq5jzBFFEoHikk5IH5fhWedSnTeupqhhq81mk7L3ll7LR7eMPdajJdT4yIo0JB+B8jVKq4iUrRhZeJo7LCUlmlK79n8lV7qOJCI4EhTPhaXlvoK0dm27yZlWMUXalH5kBqE02+KCMux6tjaPoKPZRWrFlWr1NtPcgbPqEngaTu/IhfDTZoRWgno85vVeZVvIViYKzsWHJ3NmmjK5HSdNtMrAopJ2j6VZqVu4M4J4FFBRJd68+IA+lBtByvwLcT5A5b60jFUJeB2QFuQTxSp2B2bb2AN3uetPdFnYsnpf/yRRYpY1okutCJCnAxFzER/NRZDT3ErbB0pCCuCd4rK4KHBdjk0XuPFaMVbj4V8sZxRFLUjslurKcEnFIknqTPLYa9mrNNTuWS7klZVQkAPgcVlxdR0Y9xGvDQU33inqMgt7hYbeNI1I5Kjn61bRvKN5FVSK7SwKGNSpd/G2Dy3NO5O9kPGlFRuCN3NAx7p9mRgkU2RPcqVWUH3XYrNLIzFjI5Y+e41YopLYRybd7kGYs2WJJ9Saa1hdz4KC2KD2uRauxds4k3jIz8apqSdi+nFZxnPEndjCgfKs0ZO50pQjl2FnRyAOK0boxk1oNDJIi/DdKKC1qf/2Q=="
Which gas is the most abundant in Earth's atmosphere?,Oxygen,Carbon dioxide,Nitrogen,Argon,C,
What is the pH of a neutral solution at 25°C?,5,7,9,12,B,
Which of the following is a noble gas?,Chlorine,Neon,Fluorine,Sulfur,B,"data:image/jpeg;base64,/9j/4AAQSkZJRgABAQAAAQABAAD/2wCEAAkGBwgHBgkIBwgKCgkLDRYPDQwMDRsUFRAWIB0iIiAdHx8kKDQsJCYxJx8fLT0tMTU3Ojo6Iys/RD84QzQ5OjcBCgoKDQwNGg8PGjclHyU3Nzc3Nzc3Nzc3Nzc3Nzc3Nzc3Nzc3Nzc3Nzc3Nzc3Nzc3Nzc3Nzc3Nzc3Nzc3Nzc3N//AABEIAJQAwAMBIgACEQEDEQH/xAAcAAABBQEBAQAAAAAAAAAAAAAEAQIDBQYHAAj/xABCEAACAQMCAwYEBAQCBwkAAAABAgMABBESIQUxQQYTIlFhcTKBkaEUQrHBFSNS0QdiFnJzgrLh8CQzQ0RFU5LC8f/EABkBAAMBAQEAAAAAAAAAAAAAAAECAwAEBf/EACgRAAICAQQCAQMFAQAAAAAAAAABAhEDEiExQQQTURRhoSIygbHBQv/aAAwDAQACEQMRAD8AqTZkjwKKVLd4iNXzqaJgigK2wpWuVBIdxtXqajyFBksEb7MNAXzIpvFLm4jx3CrpHMhaSO5R1wkmR5U9YmlGAWUeWOdbWF4mVqcXdHBkRW+VWNv2ggZ1WW3Hd+WN/lQ9xw8FjqwPLVtQ/wDCWbxeHSOo3oagaKNbZzcMvYWaEhD5MaaTbrPpR9+WpfOsx+FaKPCS59MmjeFL3UqPI4xnyzRMaC2u7cSYupNGTpGOtF3/ABO0ggLBw7Z30tyrJcWWF7kyxlyp5KOlVxXKk7gZ5daRtFVjbXJuLDj/AA9zjMq582yKluuPcNjUQxEyMT4mxsPesKrQoMGOQn/XpDOnd6AcH60LQ3plXJ0KHj9k1sxndUwCAG2zWMvOIo7udRwRgBTzFVLNqUFnJz001C7yZ8HTbYUFNR4G+mb5LhOJRJpkmY6QNkWpH7XuupbSJIQcAMdyBVCLaecaigx/Uwpj2hXnH9NqDy2NHxd7Le67R3ssRiMiMG+IhRqPzxQsl7c3suXcEqP5abYzQkVmzH/uzv64qxtuESTHCnPTABx7UkstLdl8Xi6pbIqzE5fXIw1Z555U550Vg2SxFW83AFyFklaNugVBj6ZzSnsxlCwinK4zrYAD96RZ0uEVn4Em+fyCQ9p76CIxW0vcjGPAu/1oWXi96wKm6mZTz/mE05+GINWm50EflKGoG4e4PhZ29l2/Wn99kX4GnkhNzLk4Yg+fWnoZ5TpQsxPQb0QtvHHzj1MOZY7fSnKLiXMcKHT5KuBW9rMvFiujQDh7nlHkVIvCi4GuP2O1a2ODP/lpPpU62St8ULil9gqj9jIpwaJd8Mrea0ZbQooCMTtyLVpV4YmMBXUnpzpz8EimQrKrcsZG1L7B9JQ3iQzQgA6jnoR96EvrWGC0YxoizEZCFsg+daD/AEaijUiO4mDEY8QyBVRd9jp2f+TOWB/rp1kRN47MsyOH5Y35DlSqCCM526ZrRDsbfgHTMvzpzdnTY2zz8QuI0jiUu7joB51pZkNDAzLXXErCxdI72ZY2cDC8/nt0qyi4bJLGkyPE0LjKNzDD09a552uv7K/4zO1hcSPalVAfQRrIHqAa6/8A4fXCHsnw9riFD4SdxnByaSWZjxxxcqZT2vZ+S9uBGrMob85QgVZDsLLhgHz5MTWyS+gYaVAA9DRKSRt+UE1J5pPsuoKP/Jh7fsKc4u5U056NVqnZzg9soARSV6g1pdER/wDCXNN/Bo/KJM1KUtRWM3HjYzzcP4YRpC/eoxwfh5O1uZPflWk/h+DtGg+dL+CYcsUjb6KrL8soIuHwocR2EajzAFMu+E607xkZtPJTLpX7VpBauOYB96eInH5VpLadj+yNUYGLhPFrnvTZqkKg7d0MFvmRSzdjuJSgGaeZ8nk1zsK3jficYTTioZPxmfhU/Ss8r+TJpvaKMhb9iYsf9oljXPTOr9qNHZGwX4pZZB/SpIzVtM92Dgqg9sUiPf48KsR74pFkj2Ul7a2pfwB2/Zbh6bR2YweeR/ej4uA2UYC/hlyOWeX0pobiJ2HdKScfFk14pcaf+0X8aemcVRSj0jnksvcymh45C+2og+wJolOLRyLlZJiOWQE/vXMZe1tvEQLayZx+YudOfpVZcdquKTOWSdIF6LFGPvnJNd3pfR578jGvudibicMa83Z+nwj96hHGrl2GhHA6bZzXHB2h4oZDIb6bJznxVLF2m4vGCBxG4ORg+Oj9OxF5cO0dsgvZZsa45T86I71SBu49K4gO1fGyADxCf7Z+uM1JF2o4wkZQcQmwTnxEE/ImlfjTfZvrMV8HZZJWzt3jY82H96wv+KfaFOH8FPD0DC5vwVA1Hwp+Zv0FVXD+211EhjvoFuSOThtDH3xsftWQ7f8AGP4vxC1dYDCsMOnSX1blic/pU3gnF7nR9RinGovczgAxz+VbDsL2queDX0Vsza7GZwsiMdkyfiHkaxQbDAjnU3eaGBTOcZFGXBONqSZ9UWwhwMSAjHtRqPGB4VrBWfa3g620ckt5KrlFJQRZ6fSjB234IsWv8ZOzf0iIZ/t964tOW9os728VbyNtqfpj50gkkHxMmPQ1hE/xA4Wdm/F6ehGmhrnt9Z7/AIaznc+ck2B9s1nDO+ga8PydG/ERj4plA9GpzXVuh3kOT5AtXMYu31tGA19ZRxoTtiX+4ohu3VqxD2fDlkX+rXqz7YND1eRdUbX4/wAnRluYGkEaiU53LBDpHzxSSShQO7t5pc88AAfc1zlu382D3fDEDdNiRREfbu4MQxw4mTqBHtmg8Wf4MpYumbYXPEJA3dWKRr+UysSSfYDl86AU8biLGbROWbYJakCMegzk/esz/pzxjP8ALsd/SM5/SlXtvxLTl7W/1eka4/4KEsOZLf8AwaE4N7V+S4lXtBHfPJ3MlxERsqhI1X5Yz96r7q24/dMNfCZHXOwe8AX3IBGaCm7acSchY7C9YEbhoxn/AIKbF2u4nzlsOK56aVHL/wCFBY8y3r+i3sittvyLN2e7R3OAVSFOQAn5A8xtUB7G8ZJ8U0Kn1cn9qIPajiLDP8P42zdBpwPstCSdouLk5/g/Fmb1kkX9BRX1PSFc8Xb/ALOT8GvbSW6EfE1xE5x3qvjR6nHSts/AeBwxGQtJLgZ0w63J9Bjma5ys0SnUoVWHVQMilTidzG+tLmfUPhzMdvkK9X2M8X1x+DdcHsuB8Ru2gbht9bAKW7ycOqn77Vfx9lOAncKCf9ox/wDtWD4b2xmVhFxKNbuE7HV8Y/Y/SulcOgtBFHLb28KB1DAiMKd62tvsKhH4I4+ynBByhB+p/eq/jXZ0wG3/AIJwm2uQWPfd9kYHQA56+e9aeNipUAZH+UUST1GfcihrkhvXF9GRu+DlOFO9pwO1W+2CpKwZB65HP2rm3a5LuHiKQ31vbQSpEuVtxhTknf3ruE8hG2oEn1xXOP8AFPhjSfhuJQRhkUMk0irkjlpz6c96Rzb2ZRYordHORjUM1Zy6p+FwwrFDqt5CQ4YB3DdNPUAjmPOqtsH0oy2uceEnA8zQjT5FlaVo6z2av+z54Vwy0ubiM3ohRGUpk68YxnFX/EDwzhkYZ+H3kxzyt7NpMfMCsF2X7EX99Lb3/EJBBbKyyxqpDPKOYPPAHKusRumwaTUcbanG9TySp7Mvii2rkih4JeWPFbhreLhd7AVUtrurQxqfTJHP0q5NhFGMrDb++M/2olSF2QoCfQ1T9oJuMpA38Ntba5c7EvOU0/IDf7VFybZ0RgktzmXbS8ivu0Fy6TIY4gIkMa+Hw8wN/PNBdl7z+H8ds713jSJJMSOxwdBGDtjf2qwi7CX7S6LpBEuMju3LHPua0HCuwNuCxuZHbbYADI+1dDnFRps5FiySlqSNzY3kF5Zm64dALqMqdDo66WPl6b1gu0Vz26u4spbixh/9u2bBx78z9q3vBeFw8Is0gtY2QH4tXU+2aMukLIfCc/ICuFZNMvk9J4tSrg4lacP7VR3Ie2kvDLzy07gj6866FY/6ST8BZeJM8NzqwstnGryMvrnYGtDDFkj+XnzO37UaJMJ5beVDJ5F9DYvHUezKz3/FrKGSSWwmmgiQeIIDK+3PSBz9jWBu+2PG04g9wkk0USuT3M0ahAvljAzXWnmDK2dek9CAAaouKXVhw63kl4k0egg/y2wWf0A6mqYcqb/aL5GGVXqo5Jedor++fVLeXEjsdgHI+gFaXsh2m4okrWt9MottJKyXWrwkdNQzz9qquO8YtHnE3D+Gx2q43K4Or3wNqpbi+edgN1HktehpTVM8b2SjK0zTp2X4fLuqsnljeoZOyMKjMbqRnfKD+9XUdwrHwI7Y6qef6frRYuQuwjCZGATJkn0/6NNpBqKzg/ZqzhnSR4xLjny6fpWyguIgAEIA/pFUsc0x0qzaQOgmUD7iiFd2bUZ9R/yMc/Y1qGTotzcKM/yyc/5sU5blgMfhnOPNhj7VVF7nBKZP+0JJ+ppsz3XhE8FsVI2LFcj5kGhpBrDr7iNvw+2lubgLGq7s3dt9PrXNeN8du+NyESyMlsfhgU4Ue/mfevdp+KPecQayQRxw253Ee4dvPpyqslCwwFm2zsKTY0pNiwRwudOldPQkUTHbQLJkRKSM522PrVRHM8k6lfCq9KP/ABBC+Fsgee1FNCSi+jQ9mVSDjto4vpLe3XIkgY5jb0wdlya6a08UeM2kOseZAriUd1/mAB6g4/63re8Fu24rwVGS4SOaE93J3u4OOROCDnHrSyjF7lsWSaVMtr3tnw7hszQ3FpcwsvodJ9jS8P7ccNv7xIBHOmo6VkkQ6AT5nP7ULBYKwxc38KpjlEDnP+8x2oy2gs7MnM8rRnfxMucemnG1I4QotDJkst5mkkIIWJ1J+JQWz+tPEsiKFeV0HTbb6YqnEvCJAWCo56Ym8WPc0yO+4NFqI1Fo+ao/67VB42+DqjkXbL0XWhhmRtI/M6kD6ZFJLxGN9KxLMW80hY5+oFU54rZsodIpMnYfz0LH0w1R3HEYicfiFiB2Ec0COw+YP7VN42X9iNArlkOrvceWgj9BQU0thb6i9ykL4JIKtyHOqgTqzd0kyqw3IjH6DNMkiF/bSQtcO2sFSNWk/QUFhb5G91K0PHaHhsspgjv45GOdIw3i9ASMZrmnH+MPxm/a4k1IiDEUW/hA8/Wtdwjs5Fbzt+NaOXx5VXGNqx/a3h68J4vIg3t5svDpHhA6gb9DXZjxRxvY83Pmy5Y77AAnYBlYKwb4tS7mo00RSa86geQzUReNlA17etKRCGA1glupXarWclG7Wa6PhE+FHTIxT2lnKYF7Gv8AqjAqp1oB4Vdj08Vea5e3Hj7sHGQpGc1UlZbQw3pbXDelNvi1Mv3oqOK7P/qEWrG/iz9zWWl4qJSASqk9dFCyXLSyHVO2+4UtsK2wL+xsrk3VvaTTG7icxoW0JJlnx02rC3XE7u4k13YkkwdsDAAzyokAhDpOTzJHIU0vIM+PI5Y1HlWkr7Ap10CLNaGXU8Uu3QEf3qC7ubZ1XQJdvM/86NlCsP5iqw8iAaAurNcZhOw6VKUWVxyi2QLOFUhXcE+gOaj15+Jj7VEQRsedeAJqR00g23dCQoVmz61u+wt2lh+IaMnUQFdAdgPynPn6VzyGCWR9KISfSuhdlrF+HWbajolk3bB39ByqmOLkyGSagaxOMBiDPhhnY90v6imz8QsJsh7qdG6ExKQPtVbK/wDLbW7FvJnyD9aFQxamMqErjZVbTiqPElwTWeRYyyKRmPjEreWuMn6Zp8xmSJDNcQMrjHiiTUffIzVLEyibKqcE4GBk/pRcsUIiKl3G++tGOPbag4IeOZ/ArXyzFFktyAm3dxOwAx12G9T28c7u2i504zp0vpYfI4J+dAxQ2YDaLmZnI8IK4+wzUYdkkIkuZxlQSVJXB/eg4fBRZ65LCNLm4uWjubdo5NJxIseGK+wBFLg26/z1uIyGwpeXSG9cH9qiiv8Au0AT8QmkfD+Jcgn1zTndZ01mVJCfiRtZI9jg5oKDC80eUwi9u7SwhYXMjAA4B7vUCceRrmHaG8XiN+ZkkEiAYBCaPtXS5WeS2eORhpYYDnfB6EEisBxPhc7XjHW0is3x4z9tq0sbsVeRFozzZAA6Cm5NWcnDpYhl0JHqMe1DmKMDEqSKfMUmljLJFlvJfKjaLfdhzYjahu+DSFm1MzdSaDUhdiRj050nfaRhTiqaiOgNY+Egqu45mogikDfT7VB3x6tkU7vBknLY9K1o2loJEzRDGgkea1H+MV+YKHkCDyqNJVJ5n5c6etoJ5A2Cgrb9A/Sv3EiXIkOnGW6Y5mjjaj8MS5Ksw5Bh4fmafZwW9su/M9eZp3EZYTaupzuNsVTS0tyLmnKomYkxrO+d+Y60+NVI5/KkZVGDz/avK4AwuxrlO57oueBNFHdapYiVGwOMkHzrbxyGWMMjE++KwPDysj4dtx58q1MICQhY3JGPXOa6sPB53kL9RYyFj8bqfamJMRIO58Tebf8A5QyzFRyYmmmTxZUup64FWJptBZm7p9b3DJKPInb2qSG+GoJFOVGNjkihFusL8JP+7SG5D8kb5LihSCpyCmuu7kyLhz0wHOafIxuV0sGJG4O+R70LE0bnu1GM+agZ9NqnjkZg0TDu2HLSdzWpG1ySqyWJF7oElteeak0RCikbB9S7jc0KjKSveeHVyJxv9KL8A0kZ57EGmJamSPGskWDjONwW2PvVTc8LWZmyrxjPNGyo/wCvlVs0hDEkA+WAM1EbjSwjCI6H2U/ei1ZtRmbuwniiYJMZEPJdJNVEtuxBVwpA6bj7VvGZApXAQH8xUkfUVUX0AyS7xnybRkfPrU5QsrHI0c+eKQHcUgV/I0WKeF8yK5tJ6PsBVilPXAqVLbfxtn2NT5VdgMmpEBboAKKiicsjEihVTtjFGRnSo07VCoAGKkVwvSqLY55tsnXDHG5+dOuGRbdhpQnHXehg7Z1AkelO17b75+VNdiLZlG+rUaYwJYY2o+5TT4tvpQrYOnY5rlapnoRnYfw21LBZDkjODV6kojwFZuX9VUdnrZfC+/PSdgKsInI2lI9wK6MeyOLPvIs0vnPgCg+9SaydigDHrmqzB+JCDUbTONtR9apZGi2zKBlTkUw30qNpEfzOKrBdujDDkHG/rRJv45V0sCCOmNq1hoJ75mOYgM+RNea6kUDvIXz/AFKaBkkAOpc15bsYw+r6ihZi2W5mmUAMrA9GWkDuGyCU9AarVuQT/LGDU4vNJGtQaZMVotEuZBjxkn1p4uAxxLt7VXJf25wCMZPyoxriLTjCso8ulNYtBCayT3U7AdRS6ZUGHUHP5gBQBnAJ7p9z0Jpn4ubkcEeVGwNGTCjpXu61c2wKG7zbnXhLvXHZ6elhSqke/UVIr6t6CQM53NEqQuRWTElEI1e1KrUOWpQx6betNZPSEkikz5A/Oog+ORzXu8NGxdI6RviBAwaH7tcjAB/apHK/m61CzD8pwKV0UimgyDQp25055R/zFV+thsN6mRiKykZ4+ydZt+dTrpkXJOD+tCBl586Uvj4TgUyYjgLKCrkciKRJhjyqJ2DMNRI9qTu+qOSfWhY+lVuHJdaBhgr0heN+S4PpQKEgYPOl1kUdQHAMGAdnGaespPM5oFJejD7VKrDzopiOAYg3zg4omO5KculAxTFRjORSNKWODTahNBZfihJzQE/emtKRyz7VXZ0nZt/KplkcjJ5VtRtKM6SaVKWvVzdnpsKi5U8fHilr1Ocz5Ec4XNMjYnnXq9Q7MuCUnBGK9mlr1ML0QOSeZpgNLXqQqhWOMVIpJr1eog6HE4rwJxXq9RAyNidRp6k16vVjMd0zSCvV6iKOwCBUYJzXq9WZh6sdYGalfzr1eooWXIkZolCQ2BsK9XqZCS5P/9k="
What is the product of the reaction between HCl and NaOH?,NaCl + H2O,NaCl + H2,NaH + Cl2,NaOH + Cl2,A,
Which type of reaction involves the combination of two elements to form a compound?,Decomposition,Synthesis,Single displacement,Double displacement,B,
What is the oxidation state of oxygen in H2O2?,-2,-1,0,1,B,"data:image/jpeg;base64,/9j/4AAQSkZJRgABAQAAAQABAAD/2wCEAAkGBwgHBgkIBwgKCgkLDRYPDQwMDRsUFRAWIB0iIiAdHx8kKDQsJCYxJx8fLT0tMTU3Ojo6Iys/RD84QzQ5OjcBCgoKDQwNGg8PGjclHyU3Nzc3Nzc3Nzc3Nzc3Nzc3Nzc3Nzc3Nzc3Nzc3Nzc3Nzc3Nzc3Nzc3Nzc3Nzc3Nzc3N//AABEIAJQAyAMBIgACEQEDEQH/xAAbAAABBQEBAAAAAAAAAAAAAAAAAQIDBAUGB//EADoQAAIBAwMCBAQFAgUDBQAAAAECAwAEERIhMQVBEyJRYQZxgZEUMkKhwSOxUmLR4fGCkvAVJDNDcv/EABkBAAMBAQEAAAAAAAAAAAAAAAABAgMEBf/EACURAAICAwACAgEFAQAAAAAAAAABAhEDEiExQQRREyIyM3GBFP/aAAwDAQACEQMRAD8A9jxRisnoPW4upKkDBxcrHqYsoAb3BrZwNu9Yqn4NpJxdMZijFPxQBToVjQtOApQKcKdE2JilxRS00hWJRS0UxCUUtFACUUtFAITFGKWkpUOxpFNxUlBpUFkJFIRUpFNIpUWmRYpMVJimkVNFWMppFSEU00mUmMopSMUVNFHlNvfOkitExV18wYbEmus6J8Xsh8LqhL5OBKoGR8x6VyV6kEA80QVhuzKSPbb+9RQtoCHfS+ytgnUfWoUvaOpxUlUj2SCaK4iWWFw8bDIYcGpcV5d0jrN50uUmJiIgf6sTDY+pA9a62D4ikuFLW4hk9QM5FbLIvZyy+NK+HSUVzR6zeuf/AK4xjbC5zVd+rdQYMFnx/wBIFJ5ooP8Akn7Ou2o7A1xDdRvhMum6mU+pbt8q07D4glAH4xPEU/rT832oWZeyZfGkvB0lFV7a9trkAwyhj/h4I+lWa2TT8HO006YlFFLQAlFLtRtQAlFFFACUUGikAGmmlJppYLuaRSENNNKTTSRSbKSA0w0pY+lRXFzDbJ4k8iRJwGkbSCanyUPNJWR1b4k6d02M6p45ZiuUijbJPzI4FFNQb9A5xXs4Z7dfPKwDxykYDZXH/m9Wibd9OryGEeU8BfpWUipOf6zl4GXKKQCAfXirENvcMI5VSIuIwJGjODpPoPpXFp3p6O/0R3c+bmVtO7gnn8pzg1Ytpzbul4glBH5l7N6g/v8AtWTMl3FdgKMI+zEeYb+xHtU6M8cTwsQWZvLlht7j14HpXTFcMHNpnZC5FwiSQAaWA55Xaoteh1/esD4e6lFFcS2k+pJXbPmHJ24xtxXQyYJyBnI296rRBHKK4TS7Yzjg0QDLEEdsDFOKkx4PJzt6Vp9MsRKEzsBzRHEn5NfyKPRbHp4z4kp0xqc6q6CCRGhVkzpAxvWJ1S7SNfBQ6UHp3pOidTicG0JIlGSM/qFbSSiuHNmucdpG6ZKQzAc1XZ6YXrFzMljLP4hfSlE9UtXypNXy+1T+VlfiRoCQeop4bVWaHwM5+9MbqVvFgNMpb/Cu5rSM7M5Y6NVhtVPqFyLO0lnZwAikgMcAnsPvioLLrVneOUhkQ4584qn8Uf14kt1zpzqb0PpWqi2xKLs4sdW6q9y7yX83iZwWD6R9AMCr3UOqdQurBbe+ZGAbWHAw2Rkdtu9V5LaNGAJOc5IJ2NRlmmzrAyvDZ7VVIydrg+w6zf2OPCuJCq7aJDqU/Q/xWtc/Gcn4QCG2C3J5Zt0x8uaw5IYFjLzAKQNtJxn6VWhCtIoKbE7EdvfFNqNWSnK6NKT4s6sg0vKmnAYusQDD29P2rPnuH6nL4nUrgz43w7EaB7AbVJcwRtE5GcBTk+prNieDxxC5EbSHOrse/NKMU0OUmmPlt42mZY91K6znGwoqPqp0kx20nlK5JB3IPaiuiK4c8pKzmrLqF3ZzKPPhN9DHy/7V1Vp1e1ufBQaojnTl3A+Q571z3XLHxFFxZYI7xjv8jWLFNIjAFdLDkE8VwyxWd8c7idr1Z5Nceo6SjHOnOO+N/lis6e6BsoXLLJhzHI3dd9s1ny9YubqBYZCrEHyvjzAehqJGBtmYnLFhrUbeuKqEOEyy2aQvZI/DwFfY4BORjPGef371sdH+JzbwvHdBXdWIVANLKCeK5eXYgNpHoNXHtTZJjM6l8alGkEDH39a20TM92ewWDrdxLJbsHjcbEb10HltbEEDDMK8y+BOsS2l0sUg8S3b84AOU/wAwr0rqpDW+EYEDbalrqdNulfg5nqch8Tvg9iKosGR1khd0cbhgeDVyVWkVu5U539KhmjZYg67jes3+4jJNs6Lpd9+Ls/ElI8RTpbHf3qx4yZ3OPnXMdGufw05ST/45tgfRs7VtS7g+3PtWMsfRxy8LU9wscZYEM3Zc81Ql6yqIyrHqkz9BVC4laUkISEqIJt7VUcKXkieeT8D5Zp7g5uJWdc5x2H0qn1S5SxsZW8RVlK6YxnfJ2zV9RtXLfEBD9UH+UKq5+/8ANbRoxdj+jTrE6q2Q3ue1du1/C/RpLh5Aq2ylnYjPl71wNuwdvzaSAcHG5qP4yv3tOgPBb3KpLekR6QcNoyNWP5qnko78Ed4/0V7L4oPVprhI4UjEcmlHSXIkyTjkD0rQhu5o1IKLknBJOcZrjE6ZbdHvbF474uBepFLhg3m0t5hjgZJH3rvJbUxRNkLqL+vsahZUY5sElJtlOQM7a2LE7eYmrFtIXlYOQpI2YVPJasMJHG7KAN6bd+BZK7BkXQvDNls84/etL2VI5q1dsLyZYbJx+bSpG2/1rnb26t3hbDjUAMBQRvTep9alncC3JWPSNsfzWS7cMdyTk5rfHDVdMMk9nwvWszsZpjlguABmiq0d2IIJIyPzMSPSkqyDKtr2eKRR4yGJj5w4yP8AUfSp5TFc4jkxHOg8sytqDexPf+9Y6SZGxAPqDUnjaTsMjPpmuRHW0T+IyMVkBDKcVZW6fw2jB/OATtniquoq+SdLHcodwaYZEWTK5XJ3Hb71XBMutPJkM51Hse1Tw3EWgrKuDyrLyDVEyZOCAQfXvU3iAKpwRtgZ4pok6v4SBN9D+ZSGXdvQnGd+1bvXutTWHU7hkdocysMqudW/cZw3965r4buNE0LSAlUkBBB4ra+NLN4b66kt5AcyFyhHY7/I/wC9a0ejH+H/AA0um/EdtPMqXIFu8mwOdSN8j2+RrWvMx2b+Hg6PMvy715ZbsHciAK2QA8MjY1e4P8Vq2HVbqx1xQSyvFpOqGTcL7e39qwlD2efs/DOxsZUdjDNINDflGMYPzrTMkwUwyPk+vrXFWvWkcbxhW9CauP1qRdwNhxk1k49KUudOlwR2xSge1c0OuPkYYHPvSjrjkEZGfnToWyOkyfbHtXDdWlaa7mCkaC5LMe29XJeu3DhhFIvzxWc92qoV0AsRuc8U6aFsmX+nEKyiZxqGwbOAe+KyPjKZJryzsxcJA8ZLRTFQ2XJwUP8Ah5BPP7VYsrkICJFQr+kaRsTzWB1eKKZ0vbJfEkli1zRSqWEZ2AyRwd/2rOf6T0PiPbhXlXwrGGO10jqEcwcyIchIsEA5+e9bfSfie6uIPwl9HrlhAPjauc8fPbk1xtpeTxzKUBeQDbc5C4wF+Q5rc+HirWkjy6jI0h1FjnJ9amCTasn5ORvqOhl65evqEbaYiMaR/esyRS+XJ5OcUpmG2nGnNRTzosWS+kZ4PzrtjUUeXPZvpJJMFheJEO+5x3qqWOTqXC4471Q6he67J0jAyOduPrVOy6g3jTeMcZGQTwDTWaLdDWJ1ZoXVwsbKZWHm23orAvblp7hnOccLnsKKzlld8NVi4SKgXdi23oalVhgBGweTztUK/mwScYzuKkwoDPkZ0ncD3qSy0ZCRqcsAOTncUwSEk7gjI2NVhkKGc5weG71NG4KyAEAnbHOcUwJxNmRW04GAOe1TeIW0BR2wPaoMRjygnTj60Y0nWwyqnOSPSnZLRrdOvo0nQSlSEOWz7Edq734hf8d0u26hAQ3ixBGxuNS7Y+2DXl0LDXnCjUNXyrtfhzqSz2EnS52SNJlAiYtgCbB0/IEbH6Vakd/xp2tWc7MoUgEbBs+X3/4qT8XIQNTANjZuNNM6mWtneB4yhVsMGGCp75rPE+RjjPcUpHHkhrKjTFwxzxqBxlds1P8AipNGM/TNZMcjYOXGMZ45p4lB0+YljUURRorduNwO1MF4QMsazzLp2aTJzzTTKSpOoYoFRpy3iMoKyb5wBp7U+GWJl1PMB86xwWwCMA/LtTFlww3z70pcHFdOmtokdSqTL4uMA9iTnA+9ZUF5f9MuZZVIS4hjKNrAfyuMMCvfjan2NpeTxMLZT47r/TwMksTjFHxB1mC6sR024tkRosv42kFtZ9+ccDFceSTbR7WDEseLZo5e+mVrgzQxiHWBlU99u3rU1jOIQzYcOMYIbAAz3+1UZXw+PT15pY3I1AEjI3961rh5+SWzZ1EN6ssYdjjG5xviqHU7lWcDYqRsAeapWs+mPRjTjgiq9zLrbSpyPUiqbbMFBXbGqxOSu2R+UnmlCeIpcDGns3I+VJgaSdSnG2PT1poeUAqpIB7Z2pV9FERLE7nmigrgjOPpRVAXDqGkEnbIxmpS66iAPK2SfrVfUxAHfNJHucjYg4O9VYqLIQKB30/vUi4ByThz3H+lVgzFzvzmnAY3lY7bjFUmKi3HjIC5xuc5pBIDyoOedqrJKUiB7kGpIpdSqVQgYO5osCcEKACNycYq9bT6SxWJWBwBqPbj71lmTUCMb8596RZpF1ANvmlZUHq7PRn6ba/ENmkkVwD1NQNavgGcY2JPdx39a46/6b+DmeFJGLJ5d1xvUFl1BrcwnUWIIYnfkV1g+I+ndTUx9bj8OZwCbuFN2XGwcfq+Y3pudI7qx5l9M5F9SoMkHsDVcM+vy7b8iukm6VLIWnsljurUuR4tsdYA/wAw/Mp+YrCuYng1K2fKwH0pbI58nxpLqK/mZ2B/TTmfCY9qe0TBNWk7nH80qQGQ4IOXBXPptQ5GawyfobHIXG5JA755qO7fyqADk/4RufSujh+FpEt4pbxo7S3H5p5zoyPZeW+QBqt1XqNh0ueP/wBEEktzgD8dNHpMYGM+GhHlJ38xyflWMsqlxHRHA4dkdRZ3kfw30yN5cL1WRMKuMfh8jk5/V7dua8961dxXk5lAbxCckg96rzXUryMzXDPls5diT9c1TkLMQdXzqVF300z/ACVKOqEJ9qEIzvTc0KC3Az8q1OIsRyBWB5HpSP4T/oKsd6YBpPmyMdqeAj5ZS2odgaQCBQ2Sx0++OaYz7YDE0sjHP6VPtmpkVZEGuTjbPqPlTbSAqZ3zSVbktI1GfFyQMkYopbIQyLJDMGG1LEcv5hye1WIY7YIwbXnO/G/pUbQ4BKMCQdv+aW6ui/xsbk+GceuBShmAx3AyRRHLo8pU7njg5qdZQkikQKCdsvvRswUU/ZFGyPyuCAafHMXATjt9KgkURuGDZz2oUEOG39tqpMlqnRKzDJGed9qDIR6c0KFZwO38UycElmG6j0odBQ53OlQOc/anNM2oLwMYNQqcoSBuajOQR3OKTDq8GlBezWxVreeWNh+pG0n7itAfEl+wQXLw3agBRHdQJKD/ANwJrA1MytgNt2xUrxOnhuxXzLqAzuB70Wi45JI3z8ROsm/T+lOmnJ/9oOfvUbfFPUEfXbSQ2ybDRBbxx/uq5rnfFK0niZHA3pRXKKeeTLl51G5vbkT3EjyycBnYsQPrVWSWUSFWZvcNSRMTMpCggcj1pJyXkBZs6uSeRSpJkOcpeWSyQSfh/GMf9McH1qrnsDtV92RWRS4eJR6bVTmUCU6Nwd8U4v7JY0Hz4AJ+lPjZseVQCabGzRuGFSNNqI1KuOw7CqYB4nZire5WiMqSCFYN/lJ2o0RmNNJJbO/epUkIICDSF/ek3SAfLEFK6XQvjfO2P9aikn0DSqjSec701xk6i2N+1MxqJOnI9alL7ELqLDyn55PNFJsGGnFFMB6MM5wM/OrKuGQR6lzjIXjP1qj4hG1JrocbLjOi86hfK0g42I/moAdLbtqx9jUGvffJFLqB4GKFFg5J+iw7hhuBzxTfEHHA9qg1Gp5P6gXUMS7AKBgY7GhqibHFlRgQe1MdiynCgZP3pHt5VHBZQMkqNhUatvjPNPz0dkvmQEY+xzTV/P6ZqRQoU6jknZWqJGCEhlH17UrBsnildIiu5XIYbc+maZLcFjksCx2Pt7VGE1OM6tPrzU5jTwlwF4yT7+lKldiRUNLGrNsBxvTvDBcFD5felC6VJ1DPGKuxCRSmJhjkVOieJBh2CgtknTljTVVWG24U/emPJlcAYIzUvoBM5WTVp24APao2dnkBY1K6aznOF9T6038jKVO4HPrTVAIFyf6nlH2qcoi4KFR/+uaiOdOWamnOM6tqTQErnC7HvUZZs7mmkgE+4oOSAQNhzTSAQscGnrp8PJbemGl2Crj60wELH6DiikO7UlMA7UlFFMBwooopATQgBS2N9uaiLsWOTwBRRUoCy8siuqB20sBkVEqjxHHodqKKmPgCS1Gp3z23FRL5pSSOwoopr2A/1HA9BTJSQoAJxRRSAdKgSNGXOTTCd6KKpAP4RMd+aSXBUHAB9RS0UgJCgMY544quu7AdqKKIgBXLMO2aTGAw9qKKoQ9ACd/Shc405232oooAizSniiimA3vRRRQM/9k="
